-- phpMyAdmin SQL Dump
-- version 4.8.0.1
-- https://www.phpmyadmin.net/
--
-- Host: 127.0.0.1
-- Generation Time: Feb 09, 2019 at 06:25 PM
-- Server version: 10.1.32-MariaDB
-- PHP Version: 7.2.5

SET SQL_MODE = "NO_AUTO_VALUE_ON_ZERO";
SET AUTOCOMMIT = 0;
START TRANSACTION;
SET time_zone = "+00:00";


/*!40101 SET @OLD_CHARACTER_SET_CLIENT=@@CHARACTER_SET_CLIENT */;
/*!40101 SET @OLD_CHARACTER_SET_RESULTS=@@CHARACTER_SET_RESULTS */;
/*!40101 SET @OLD_COLLATION_CONNECTION=@@COLLATION_CONNECTION */;
/*!40101 SET NAMES utf8mb4 */;

--
-- Database: `booking`
--

-- --------------------------------------------------------

--
-- Table structure for table `admins`
--

CREATE TABLE `admins` (
  `id` int(10) UNSIGNED NOT NULL,
  `name` varchar(255) COLLATE utf8mb4_unicode_ci NOT NULL,
  `email` varchar(255) COLLATE utf8mb4_unicode_ci NOT NULL,
  `email_verified_at` timestamp NULL DEFAULT NULL,
  `password` varchar(255) COLLATE utf8mb4_unicode_ci NOT NULL,
  `remember_token` varchar(100) COLLATE utf8mb4_unicode_ci DEFAULT NULL,
  `created_at` timestamp NULL DEFAULT NULL,
  `updated_at` timestamp NULL DEFAULT NULL
) ENGINE=InnoDB DEFAULT CHARSET=utf8mb4 COLLATE=utf8mb4_unicode_ci;

--
-- Dumping data for table `admins`
--

INSERT INTO `admins` (`id`, `name`, `email`, `email_verified_at`, `password`, `remember_token`, `created_at`, `updated_at`) VALUES
(1, 'admin', 'admin@gmail.com', NULL, '$2y$10$0/HTi4fqyEL3jCBSaCig6OtQ8IiM9vafBS.beyWwE5zI8uvLR5.q2', '3s0B8xb51q1Xx6rwVGsgk4MrBMmjNx63hARyv3ltFR7VFVdaIsXRDDGf2ZNX', NULL, NULL);

-- --------------------------------------------------------

--
-- Table structure for table `aircraft`
--

CREATE TABLE `aircraft` (
  `aircraft_id` int(11) NOT NULL,
  `call_sign` varchar(50) NOT NULL,
  `type` varchar(50) NOT NULL,
  `sn` varchar(50) NOT NULL,
  `manufacturer` varchar(50) NOT NULL,
  `manufactured_date` date NOT NULL,
  `entry_date` date NOT NULL,
  `empty_weight` double NOT NULL,
  `maximum_weight` int(11) NOT NULL,
  `engine_time` double NOT NULL,
  `aircraft_time` double NOT NULL,
  `multi_engine` enum('no','yes') NOT NULL,
  `turbine_engine` enum('no','yes') NOT NULL
) ENGINE=InnoDB DEFAULT CHARSET=latin1;

--
-- Dumping data for table `aircraft`
--

INSERT INTO `aircraft` (`aircraft_id`, `call_sign`, `type`, `sn`, `manufacturer`, `manufactured_date`, `entry_date`, `empty_weight`, `maximum_weight`, `engine_time`, `aircraft_time`, `multi_engine`, `turbine_engine`) VALUES
(1, '9XR_SG', 'R44', '10331', 'Robinson', '2009-02-09', '2011-06-14', 2200, 2500, 5001, 5000, 'no', 'no'),
(2, '9XR_SF', 'R44', '11452', 'Robinson', '2011-06-09', '2012-03-23', 2200, 2500, 1998, 2280, 'no', 'no'),
(3, '9XR_SJ', 'R44', '13437', 'Robinson heli', '2012-03-11', '2012-12-11', 2300, 2500, 784.7, 988, 'no', 'no'),
(4, '9XR_SQ', 'A139', '12522', 'Agusta', '2011-02-05', '2012-02-05', 5100, 6000, 668, 569, 'yes', 'yes'),
(5, '9XR_SO', 'A109', '1458', '', '0000-00-00', '0000-00-00', 5000, 7000, 1698.9, 1255, 'no', 'no'),
(7, '9XR-SH', 'R44 II', '12918', 'Robinson Heli', '0000-00-00', '0000-00-00', 0, 0, 487.6, 486, 'no', 'no'),
(8, '9XR-SE', 'R44 II', '10323', 'Robinson Heli', '0000-00-00', '0000-00-00', 0, 0, 1204, 3725, 'no', 'no');

-- --------------------------------------------------------

--
-- Table structure for table `cancel`
--

CREATE TABLE `cancel` (
  `id` int(11) NOT NULL,
  `transactions_id` int(11) NOT NULL,
  `reason` varchar(100) NOT NULL,
  `booker` int(11) NOT NULL,
  `created_at` timestamp NOT NULL DEFAULT CURRENT_TIMESTAMP ON UPDATE CURRENT_TIMESTAMP
) ENGINE=InnoDB DEFAULT CHARSET=latin1;

-- --------------------------------------------------------

--
-- Table structure for table `clients`
--

CREATE TABLE `clients` (
  `id` int(10) UNSIGNED NOT NULL,
  `first_name` varchar(191) COLLATE utf8mb4_unicode_ci NOT NULL,
  `last_name` varchar(191) COLLATE utf8mb4_unicode_ci NOT NULL,
  `id_number` int(11) NOT NULL,
  `email` varchar(191) COLLATE utf8mb4_unicode_ci NOT NULL,
  `username` varchar(191) COLLATE utf8mb4_unicode_ci NOT NULL,
  `password` varchar(191) COLLATE utf8mb4_unicode_ci NOT NULL,
  `created_at` timestamp NULL DEFAULT NULL,
  `updated_at` timestamp NULL DEFAULT NULL
) ENGINE=InnoDB DEFAULT CHARSET=utf8mb4 COLLATE=utf8mb4_unicode_ci;

-- --------------------------------------------------------

--
-- Table structure for table `co_clients`
--

CREATE TABLE `co_clients` (
  `id` int(11) NOT NULL,
  `client` int(11) DEFAULT NULL,
  `id_number` int(16) NOT NULL,
  `weight` int(11) NOT NULL,
  `created_at` datetime NOT NULL,
  `updated_at` datetime NOT NULL
) ENGINE=InnoDB DEFAULT CHARSET=latin1;

--
-- Dumping data for table `co_clients`
--

INSERT INTO `co_clients` (`id`, `client`, `id_number`, `weight`, `created_at`, `updated_at`) VALUES
(33, 1, 1, 2, '2019-01-19 15:01:46', '2019-01-19 15:01:46'),
(34, 1, 3, 4, '2019-01-19 15:01:46', '2019-01-19 15:01:46'),
(35, 1, 5, 6, '2019-01-19 15:01:46', '2019-01-19 15:01:46'),
(36, 1, 7, 8, '2019-01-19 15:01:46', '2019-01-19 15:01:46'),
(37, 2, 1, 2, '2019-01-19 15:04:29', '2019-01-19 15:04:29'),
(38, 2, 3, 4, '2019-01-19 15:04:29', '2019-01-19 15:04:29'),
(39, 2, 5, 6, '2019-01-19 15:04:29', '2019-01-19 15:04:29'),
(40, 1, 1, 89, '2019-02-09 17:23:51', '2019-02-09 17:23:51'),
(41, 1, 7, 89, '2019-02-09 17:23:51', '2019-02-09 17:23:51');

-- --------------------------------------------------------

--
-- Table structure for table `expirations`
--

CREATE TABLE `expirations` (
  `expirations_id` int(11) NOT NULL,
  `tel` varchar(50) NOT NULL,
  `medical` date NOT NULL,
  `instructor` date NOT NULL,
  `recurency` date NOT NULL,
  `proficiency` date NOT NULL,
  `license` date NOT NULL,
  `crm` date NOT NULL,
  `dgs` date NOT NULL,
  `sim109` date NOT NULL,
  `sim139` date NOT NULL
) ENGINE=InnoDB DEFAULT CHARSET=latin1;

--
-- Dumping data for table `expirations`
--

INSERT INTO `expirations` (`expirations_id`, `tel`, `medical`, `instructor`, `recurency`, `proficiency`, `license`, `crm`, `dgs`, `sim109`, `sim139`) VALUES
(1, '0786129422', '2017-04-28', '2017-04-08', '2018-04-15', '2017-04-28', '2017-03-10', '2017-04-01', '2017-06-16', '2018-04-26', '2017-04-29'),
(2, '0786072844', '2016-11-18', '2017-04-07', '2017-04-29', '2017-05-19', '2018-05-10', '2018-04-26', '2017-04-20', '2017-04-29', '2018-04-28'),
(11, '07861294223', '2018-07-31', '2018-03-31', '0000-00-00', '2017-05-31', '2018-03-31', '2018-07-31', '2017-03-09', '0000-00-00', '0000-00-00'),
(12, '0788493829', '2018-01-18', '2018-01-30', '0000-00-00', '2017-12-06', '2018-01-30', '2018-08-31', '2018-04-06', '2018-09-13', '2017-07-01'),
(13, '0784363168', '0000-00-00', '0000-00-00', '2017-12-31', '0000-00-00', '2017-12-30', '0000-00-00', '0000-00-00', '0000-00-00', '0000-00-00'),
(16, '0788745430', '0000-00-00', '0000-00-00', '0000-00-00', '0000-00-00', '2019-01-24', '0000-00-00', '2018-02-25', '0000-00-00', '0000-00-00'),
(17, '0788494011', '2017-07-14', '2018-01-30', '2017-10-23', '2017-04-26', '2018-01-30', '2015-09-11', '2018-02-27', '2017-10-23', '0000-00-00'),
(18, '123456', '0000-00-00', '0000-00-00', '0000-00-00', '0000-00-00', '2017-04-29', '0000-00-00', '0000-00-00', '0000-00-00', '0000-00-00'),
(19, '0788647587', '2018-01-25', '0000-00-00', '0000-00-00', '0000-00-00', '2018-01-30', '0000-00-00', '0000-00-00', '0000-00-00', '0000-00-00');

-- --------------------------------------------------------

--
-- Table structure for table `flights`
--

CREATE TABLE `flights` (
  `_id` int(11) NOT NULL,
  `flight_date` date NOT NULL,
  `flight_from` varchar(50) NOT NULL,
  `flight_to` varchar(50) NOT NULL,
  `call_sign` varchar(50) NOT NULL,
  `weight` float NOT NULL,
  `start_time` time NOT NULL,
  `stop_time` time NOT NULL,
  `engine_hobs` decimal(10,2) NOT NULL,
  `landing_hours` float NOT NULL,
  `fuel_main` varchar(50) NOT NULL,
  `fuel_aux` varchar(50) NOT NULL,
  `pic_instr` varchar(50) NOT NULL,
  `copilot_instr` varchar(50) NOT NULL,
  `flight_exercise` varchar(50) NOT NULL,
  `auth_flighttime` text NOT NULL,
  `problem` varchar(300) NOT NULL,
  `status` enum('yes','no') NOT NULL,
  `date_time` timestamp NOT NULL DEFAULT CURRENT_TIMESTAMP ON UPDATE CURRENT_TIMESTAMP,
  `logged` varchar(50) NOT NULL
) ENGINE=InnoDB DEFAULT CHARSET=latin1;

--
-- Dumping data for table `flights`
--

INSERT INTO `flights` (`_id`, `flight_date`, `flight_from`, `flight_to`, `call_sign`, `weight`, `start_time`, `stop_time`, `engine_hobs`, `landing_hours`, `fuel_main`, `fuel_aux`, `pic_instr`, `copilot_instr`, `flight_exercise`, `auth_flighttime`, `problem`, `status`, `date_time`, `logged`) VALUES
(46, '2017-03-30', 'kgl', 'kgl', '9XR_SG', 2300, '14:02:00', '03:02:00', '11.00', 2934.5, '2', '2', 'solo', '0786072844', 'ex34', '1', '', 'no', '2017-04-13 14:13:27', '0786072844'),
(48, '2017-04-03', 'HRYR', 'HRYR', '9XR-SE', 2150, '13:30:00', '14:48:00', '1.30', 3357.3, '3/4', '3/4', '0788493829', '0788493829', 'ex19', '1h30', '', 'no', '2017-04-03 14:44:11', '0788493829'),
(49, '2017-04-03', 'HRYR', 'HRYR', '9XR-SE', 2100, '13:48:00', '14:36:00', '0.80', 3388, '1/2', '1/2', '0788493829', '0788493829', 'ex19', '1h', '', 'no', '2017-04-03 14:48:52', '0784363168'),
(50, '2017-04-06', 'HRYR', 'HRYR', '9XR_SG', 2100, '09:00:00', '10:00:00', '1.00', 2917, '4/4', '4/4', '0786129422', '0788493829', 'ex19', '1h', '', 'no', '2017-04-06 09:22:06', '0788493829'),
(51, '2017-04-06', 'HRYR', 'HRYR', '9XR_SG', 2150, '10:00:00', '10:42:00', '0.70', 2917, '3/4', '3/4', '0788493829', '0786129422', 'charter', '1h', '', 'no', '2017-04-06 10:07:05', '0788493829'),
(52, '2017-04-06', 'Hryr', 'Hryr', '9XR_SG', 2150, '10:00:00', '10:42:00', '0.70', 2917, '3/4', '3/4', '0788493829', '0786129422', 'charter', '1h', '', 'no', '2017-04-06 09:44:22', '0786129422'),
(54, '2017-04-11', 'HRYR', 'Virunga', '9XR_SO', 2800, '11:00:00', '11:30:00', '0.50', 1143.5, '150', '150', '0788493829', 'solo', 'charter', '0.5h', '', 'no', '2017-04-12 09:28:03', '0788493829'),
(55, '2017-04-11', 'Virunga', 'HRYR', '9XR_SO', 2650, '12:00:00', '12:30:00', '0.50', 1143.85, '110', '120', '0788493829', 'solo', 'charter', '0.5h', '', 'no', '2017-04-12 09:26:42', '0788493829'),
(56, '2017-04-08', 'HRYR', 'HRYR', '9XR-SE', 2300, '15:00:00', '17:18:00', '2.30', 3361.3, '4/4', '4/4', '0788493829', 'solo', 'charter', '2h00', '', 'no', '2017-04-12 09:46:10', '0788493829'),
(57, '2017-04-08', 'HRYR', 'HRYR', '9XR-SE', 2300, '15:00:00', '17:18:00', '2.30', 3361.3, '4/4', '4/4', '', '', 'charter', '2h00', '', 'no', '2017-04-13 14:10:32', '0784363168'),
(58, '2017-04-13', 'HRYR', 'HRYR', '9XR_SG', 2150, '11:00:00', '11:00:00', '0.00', 0, 'full', 'full', '', '', 'ex18', '1', '', 'no', '2017-04-13 14:27:43', '0788493829'),
(72, '2017-04-13', 'k', 'k', '9XR_SG', 1, '02:00:00', '02:00:00', '0.00', 789, '0', '0', '', '', 'ex9', '1', '', 'no', '2017-04-13 12:23:00', ''),
(73, '2017-04-13', 'k', 'k', '9XR_SG', 1235, '09:00:00', '09:00:00', '0.00', 321, '0', '0', '07861294223', 'solo', 'charter', '1', '', 'no', '2017-04-13 14:27:23', '07861294223'),
(74, '2017-04-21', 'k', 'k', '9XR_SF', 321, '02:00:00', '02:00:00', '0.00', 32, '2', '2', '07861294223', 'solo', 'charter', '1', '', 'no', '2017-04-21 05:17:09', '07861294223'),
(75, '2017-10-22', 'HRYR', 'HRYI', '9XR_SG', 1200, '10:00:00', '10:00:00', '0.00', 2700, '3/4', '1/2', '07861294223', '......', 'ex3', '1', 'oil pressure delay to be normal', 'no', '2017-10-23 11:20:55', '07861294223'),
(76, '2017-10-04', 'test', 'tes', '9XR-SE', 22, '00:00:00', '00:00:00', '0.00', 0, '1', '1', '07861294223', '0788493829', 'charter', '1h', 'test error', 'no', '2017-10-23 12:49:54', '0788493829'),
(77, '2017-11-08', 'HRYR', 'HRYR', '9XR_SJ', 2100, '18:10:00', '20:24:00', '2.23', 869.5, '1', '1', '07861294223', '07861294223', 'ex33', '1', '', 'no', '2017-11-09 10:49:49', '07861294223'),
(78, '2017-11-17', 'HRYR', 'HRYU', '9XR_SQ', 5900, '06:30:00', '07:28:00', '0.97', 559.5, '400', '400', '0788493829', '0788493829', 'charter', '1.0', 'None', 'yes', '2017-11-17 05:44:26', '0788493829'),
(79, '2017-11-20', 'HRYR', 'HRYR', '9XR-SH', 2200, '10:25:00', '11:50:00', '1.42', 486.2, '3/4', '1/2', '07861294223', '07861294223', 'ex34', '01.0', '', 'no', '2017-11-20 07:57:59', '07861294223');

-- --------------------------------------------------------

--
-- Table structure for table `initial`
--

CREATE TABLE `initial` (
  `initial_id` int(11) NOT NULL,
  `tel` varchar(50) NOT NULL,
  `instructor` double NOT NULL,
  `night` double NOT NULL,
  `instrument` double NOT NULL,
  `R44` double NOT NULL,
  `R44_solo` double NOT NULL,
  `A109` double NOT NULL,
  `A109_solo` double NOT NULL,
  `SIM_109` double NOT NULL,
  `A139` double NOT NULL,
  `A139_solo` double NOT NULL,
  `SIM_139` double NOT NULL,
  `others` double NOT NULL,
  `others_solo` double NOT NULL,
  `others_SIM` double NOT NULL,
  `others_turbine` double NOT NULL,
  `others_multiengine` double NOT NULL
) ENGINE=InnoDB DEFAULT CHARSET=latin1;

--
-- Dumping data for table `initial`
--

INSERT INTO `initial` (`initial_id`, `tel`, `instructor`, `night`, `instrument`, `R44`, `R44_solo`, `A109`, `A109_solo`, `SIM_109`, `A139`, `A139_solo`, `SIM_139`, `others`, `others_solo`, `others_SIM`, `others_turbine`, `others_multiengine`) VALUES
(37, '07861294223', 0, 0, 0, 408, 50.8, 0, 0, 0, 0, 0, 0, 50, 0, 0, 0, 0),
(39, '0784363168', 0, 0, 0, 0, 0, 0, 0, 0, 0, 0, 0, 0, 0, 0, 0, 0),
(44, '0788745430', 0, 0, 0, 0, 0, 0, 0, 0, 0, 0, 0, 0, 0, 0, 0, 0),
(45, '0788493829', 0, 0, 0, 1695, 200, 286, 0, 30, 330, 0, 80, 73.8, 0, 0, 0, 0),
(46, '0788494011', 0, 0, 0, 2080.7, 800, 217.9, 0, 36, 0, 0, 0, 169.3, 0, 0, 0, 0),
(47, '123456', 0, 0, 0, 0, 0, 0, 0, 0, 0, 0, 0, 0, 0, 0, 0, 0),
(48, '0788647587', 0, 0, 0, 0, 0, 0, 0, 0, 0, 0, 0, 0, 0, 0, 0, 0),
(49, '0786133077', 0, 0, 0, 1500, 0, 2130, 0, 0, 1920, 0, 0, 4630, 0, 0, 0, 0),
(50, '1234', 0, 0, 0, 0, 0, 0, 0, 0, 0, 0, 0, 0, 0, 0, 0, 0),
(51, '0788808182', 0, 0, 0, 120, 0, 0, 0, 0, 0, 0, 0, 200, 0, 0, 0, 0);

-- --------------------------------------------------------

--
-- Table structure for table `inspection`
--

CREATE TABLE `inspection` (
  `_id` int(11) NOT NULL,
  `date` date NOT NULL,
  `call_sign` varchar(50) NOT NULL,
  `superviser` varchar(50) NOT NULL,
  `next_inspection` varchar(50) NOT NULL,
  `athours` double NOT NULL,
  `ondate` date NOT NULL
) ENGINE=InnoDB DEFAULT CHARSET=latin1;

--
-- Dumping data for table `inspection`
--

INSERT INTO `inspection` (`_id`, `date`, `call_sign`, `superviser`, `next_inspection`, `athours`, `ondate`) VALUES
(10, '2017-03-25', '9XR_SF', '0728808180', '25 hours', 2225, '2017-02-08'),
(11, '2017-04-03', '9XR-SE', '0788452629', '100 Hours', 3400, '2018-03-01'),
(12, '2017-04-03', '9XR-SH', '0788452629', '50 hours oil change', 484.06, '2018-01-30'),
(13, '2017-04-03', '9XR_SG', '0788452629', '50 hours oil change', 2950, '2018-02-22'),
(14, '2017-02-15', '9XR_SJ', '0788452629', '50 hours oil change', 825, '2018-02-14'),
(15, '2017-04-03', '9XR_SQ', '0788452629', '25 hours', 533, '2017-08-23'),
(16, '2017-04-03', '9XR_SO', '0788452629', '50', 1150, '2017-10-08'),
(17, '2017-04-03', '9XR_SO', '0788452629', '50', 1150, '2017-10-08'),
(18, '2017-04-03', '9XR_SO', '0788452629', '50', 1150, '2017-10-08'),
(19, '2017-03-22', '9XR_SG', '0788745430', '100/300', 3000, '2018-03-22'),
(20, '2017-03-01', '9XR-SE', '0788745430', '100/200', 3400, '2018-03-01'),
(21, '2017-02-14', '9XR_SJ', '0788745430', '100/500', 875, '2018-02-14'),
(22, '2017-01-30', '9XR-SH', '0788745430', '100', 534, '2018-01-30'),
(23, '2016-10-08', '9XR_SO', '0788745430', '50', 1150, '2017-10-08'),
(24, '2016-08-23', '9XR_SQ', '0788745430', '50', 583, '2017-08-23'),
(25, '2017-06-01', '9XR_SG', '0788745430', '100/300', 3000, '2017-06-01'),
(26, '2017-06-01', '9XR_SF', '0788745430', '50', 50, '2017-06-01'),
(27, '2017-06-01', '9XR_SJ', '0788745430', '100/500', 875, '2017-06-01'),
(28, '2017-06-01', '9XR_SJ', '0788745430', '100/500', 875, '2017-06-01'),
(29, '2017-06-01', '9XR_SQ', '0788745430', '50', 534, '2017-06-01'),
(30, '2017-06-01', '9XR_SO', '0788745430', '100', 1200, '2017-06-01'),
(31, '2017-06-01', '9XR-SH', '0788745430', '100', 534, '2017-06-01'),
(32, '2017-06-01', '9XR-SE', '0788745430', '100/300', 3500, '2017-06-01'),
(33, '2017-11-04', '9XR_SG', '0788745430', '100/300', 3000, '2017-06-01'),
(34, '2017-08-16', '9XR_SF', '0788745430', '50', 50, '2017-06-01'),
(35, '2017-07-01', '9XR_SJ', '0788745430', '100/500', 875, '2017-06-01'),
(36, '2017-10-23', '9XR_SQ', '0788745430', '50', 583, '2017-06-01'),
(37, '2017-10-09', '9XR_SO', '0788745430', '100', 1200, '2017-06-01'),
(38, '2018-02-18', '9XR-SH', '0788745430', '100', 534, '2017-06-01'),
(39, '2018-02-10', '9XR-SE', '0788745430', '100/300', 3500, '2017-06-01'),
(40, '2017-08-16', '9XR_SF', '0788745430', '50', 2250, '2017-06-01'),
(41, '2017-10-23', '9XR-SE', '0788745430', '100/500', 3700, '2017-10-23'),
(42, '2017-10-23', '9XR-SE', '0788745430', '100/500', 3700, '2018-03-01'),
(43, '2017-10-23', '9XR_SG', '0788745430', '100/400', 3100, '2018-06-27'),
(44, '2017-10-23', '9XR-SE', '0788745430', '100/500', 3700, '2018-09-08'),
(45, '2017-10-23', '9XR_SJ', '0788745430', '100/500', 875, '2018-02-14'),
(46, '2017-10-23', '9XR_SO', '0788745430', '100', 1300, '2018-09-21'),
(47, '2017-10-23', '9XR_SF', '0788745430', '100', 2300, '2018-05-05'),
(48, '2017-10-23', '9XR-SH', '0788745430', '100', 534, '2018-01-30'),
(49, '2017-10-23', '9XR_SQ', '0788745430', '50', 583, '2018-10-22'),
(50, '2018-01-03', '9XR_SG', '0788745430', '100', 3200, '2019-01-05'),
(51, '2018-01-03', '9XR_SF', '0788745430', '100', 2300, '2019-01-03'),
(52, '2018-01-03', '9XR-SE', '0788745430', '100', 3800, '2019-01-03'),
(53, '2018-01-03', '9XR_SJ', '0788745430', '100', 975, '2019-01-03'),
(54, '2018-01-03', '9XR-SH', '0788745430', '100', 534, '2019-01-03'),
(55, '2018-01-03', '9XR_SQ', '0788745430', '50', 583, '2019-01-03'),
(56, '2018-01-03', '9XR_SO', '0788745430', '100', 1300, '2019-01-03');

-- --------------------------------------------------------

--
-- Table structure for table `migrations`
--

CREATE TABLE `migrations` (
  `id` int(10) UNSIGNED NOT NULL,
  `migration` varchar(191) COLLATE utf8mb4_unicode_ci NOT NULL,
  `batch` int(11) NOT NULL
) ENGINE=InnoDB DEFAULT CHARSET=utf8mb4 COLLATE=utf8mb4_unicode_ci;

--
-- Dumping data for table `migrations`
--

INSERT INTO `migrations` (`id`, `migration`, `batch`) VALUES
(3, '2018_12_11_094117_create_clients_table', 1),
(4, '2018_12_11_094324_create_transactions_table', 1);

-- --------------------------------------------------------

--
-- Table structure for table `morning_check`
--

CREATE TABLE `morning_check` (
  `_id` int(11) NOT NULL,
  `check_date` date NOT NULL,
  `call_sign` varchar(50) NOT NULL,
  `done_by` varchar(50) NOT NULL,
  `remarks` varchar(50) NOT NULL,
  `approved` enum('yes','no') NOT NULL,
  `hours` int(11) NOT NULL,
  `date_time` timestamp NOT NULL DEFAULT CURRENT_TIMESTAMP ON UPDATE CURRENT_TIMESTAMP
) ENGINE=InnoDB DEFAULT CHARSET=latin1;

--
-- Dumping data for table `morning_check`
--

INSERT INTO `morning_check` (`_id`, `check_date`, `call_sign`, `done_by`, `remarks`, `approved`, `hours`, `date_time`) VALUES
(33, '2017-03-30', '9XR_SF', '0788808182', 'good', 'yes', 0, '2017-03-30 11:44:52'),
(34, '2017-03-31', '9XR_SG', '0788745430', 'good condition', 'yes', 0, '2017-03-31 11:41:48'),
(35, '2017-04-03', '9XR-SE', '0788550752', 'operational', 'yes', 0, '2017-04-03 11:10:01'),
(36, '2017-04-03', '9XR_SG', '0788452629', 'under maintenance', 'no', 0, '2017-04-03 11:20:07'),
(37, '2017-04-03', '9XR_SF', '0788745430', 'U/S', 'no', 0, '2017-04-03 14:56:15'),
(38, '2017-04-06', '9XR_SG', '0788745430', 'Good to go', 'yes', 0, '2017-04-06 10:16:42'),
(39, '2017-04-10', '9XR_SG', '0788745430', '', 'yes', 0, '2017-04-10 07:49:50'),
(40, '2017-04-10', '9XR-SE', '0788745430', '', 'yes', 0, '2017-04-10 07:50:23'),
(41, '2017-04-10', '9XR_SF', '12345', 'out of service', 'no', 0, '2017-04-10 10:29:15'),
(42, '2017-04-11', '9XR_SG', '0788745430', '', 'yes', 0, '2017-04-11 07:43:41'),
(43, '2017-04-12', '9XR_SG', '0788745430', '', 'yes', 0, '2017-04-12 07:19:43'),
(44, '2017-04-12', '9XR-SE', '0788745430', '', 'yes', 0, '2017-04-12 07:19:54'),
(45, '2017-04-12', '9XR_SO', '0788745430', '', 'yes', 0, '2017-04-12 09:08:02'),
(46, '2017-04-13', '9XR_SG', '0788745430', '', 'yes', 0, '2017-04-13 06:46:13'),
(47, '2017-04-13', '9XR-SE', '0788745430', '', 'yes', 0, '2017-04-13 06:46:24'),
(48, '2017-04-21', '9XR_SF', '0788745430', 'good condition', 'yes', 0, '2017-04-21 05:16:03'),
(49, '2017-05-05', '9XR_SF', '0788745430', 'Good for service', 'yes', 0, '2017-05-05 06:35:50'),
(50, '2017-06-01', '9XR_SO', '0788745430', '', 'yes', 0, '2017-06-01 04:57:29'),
(51, '2017-06-02', '9XR_SG', '0788745430', 'Serviceable', 'yes', 0, '2017-06-02 04:49:59'),
(52, '2017-06-02', '9XR-SE', '0788745430', 'Serviceable', 'yes', 0, '2017-06-02 05:19:16'),
(53, '2017-06-06', '9XR_SG', '0788745430', 'Serviceable', 'yes', 0, '2017-06-06 07:09:57'),
(54, '2017-06-06', '9XR_SQ', '0788745430', 'Serviceable', 'yes', 0, '2017-06-06 07:10:11'),
(55, '2017-06-07', '9XR_SG', '0788745430', 'Serviceable', 'yes', 0, '2017-06-07 04:42:29'),
(56, '2017-06-07', '9XR-SE', '0788745430', 'Serviceable', 'yes', 0, '2017-06-07 04:42:44'),
(57, '2017-06-07', '9XR_SJ', '0788745430', 'Serviceable', 'yes', 0, '2017-06-07 05:53:50'),
(58, '2017-06-13', '9XR_SG', '0788745430', 'Serviceable', 'yes', 0, '2017-06-13 04:39:34'),
(59, '2017-06-13', '9XR-SE', '0788745430', 'Serviceable', 'yes', 0, '2017-06-13 04:39:49'),
(60, '2017-10-22', '9XR_SG', '0788745430', 'no problem', 'yes', 0, '2017-10-22 17:14:41'),
(61, '2017-10-23', '9XR-SE', '0788745430', 'Serviceable', 'yes', 0, '2017-10-23 05:03:02'),
(62, '0000-00-00', '9XR_SG', '0788745430', 'serviceable', 'yes', 0, '2017-10-23 06:53:35'),
(63, '2017-10-26', '9XR_SQ', '0788745430', 'Serviceable', 'yes', 0, '2017-10-26 07:36:47'),
(64, '0000-00-00', '9XR-SE', '0788745430', 'serviceable', 'yes', 0, '2017-10-28 03:32:09'),
(65, '0000-00-00', '9XR_SJ', '0788745430', 'serviceable', 'yes', 0, '2017-11-02 05:27:33'),
(66, '0000-00-00', '9XR_SJ', '0788745430', 'serviceable', 'yes', 0, '2017-11-02 05:30:06'),
(67, '0000-00-00', '9XR_SJ', '0788745430', 'serviceable', 'yes', 0, '2017-11-02 05:43:27'),
(68, '2017-11-02', '9XR_SJ', '0788745430', 'Serviceable', 'yes', 0, '2017-11-02 05:45:17'),
(69, '2017-11-02', '9XR_SO', '0788745430', 'Serviceable', 'yes', 0, '2017-11-02 06:50:17'),
(70, '2017-11-03', '9XR_SG', '0788745430', 'Serviceable', 'yes', 0, '2017-11-03 07:30:42'),
(71, '2017-11-03', '9XR_SO', '0788745430', 'Serviceable', 'yes', 0, '2017-11-03 07:31:03'),
(72, '2017-11-04', '9XR_SG', '0788745430', 'Serviceable', 'yes', 0, '2017-11-04 05:01:27'),
(73, '2017-11-04', '9XR-SE', '0788745430', 'Serviceable', 'yes', 0, '2017-11-04 05:01:45'),
(74, '2017-11-04', '9XR_SO', '0788745430', 'Serviceable', 'yes', 0, '2017-11-04 05:01:58'),
(75, '2017-11-06', '9XR_SG', '0788745430', 'Serviceable', 'yes', 0, '2017-11-06 04:56:09'),
(76, '2017-11-06', '9XR-SE', '0788745430', 'Serviceable', 'yes', 0, '2017-11-06 04:58:06'),
(77, '2017-11-06', '9XR_SJ', '0788745430', 'Serviceable', 'yes', 0, '2017-11-06 04:58:25'),
(78, '2017-11-06', '9XR_SO', '0788745430', 'Serviceable', 'yes', 0, '2017-11-06 04:58:44'),
(79, '2017-11-06', '9XR-SH', '0788745430', 'Serviceable', 'yes', 0, '2017-11-06 04:59:12'),
(80, '2017-11-07', '9XR_SG', '0788745430', 'Serviceable', 'yes', 0, '2017-11-07 05:09:15'),
(81, '2017-11-07', '9XR_SJ', '0788745430', 'Serviceable', 'yes', 0, '2017-11-07 05:09:31'),
(82, '2017-11-07', '9XR_SO', '0788745430', 'Serviceable', 'yes', 0, '2017-11-07 05:09:43'),
(83, '2017-11-07', '9XR-SH', '0788745430', 'Serviceable', 'yes', 0, '2017-11-07 05:09:57'),
(84, '2017-11-07', '9XR-SE', '0788745430', 'Serviceable', 'yes', 0, '2017-11-07 05:10:10'),
(85, '2017-11-08', '9XR_SG', '0788745430', 'Serviceable', 'yes', 0, '2017-11-08 05:27:35'),
(86, '2017-11-08', '9XR_SJ', '0788745430', 'Serviceable', 'yes', 0, '2017-11-08 05:27:49'),
(87, '2017-11-08', '9XR_SO', '0788745430', 'Serviceable', 'yes', 0, '2017-11-08 05:28:03'),
(88, '2017-11-08', '9XR-SH', '0788745430', 'Serviceable', 'yes', 0, '2017-11-08 05:28:17'),
(89, '2017-11-08', '9XR-SE', '0788745430', 'Serviceable', 'yes', 0, '2017-11-08 05:31:04'),
(90, '2017-11-09', '9XR_SG', '0788745430', 'Serviceable', 'yes', 0, '2017-11-09 04:01:14'),
(91, '2017-11-09', '9XR_SJ', '0788745430', 'Serviceable', 'yes', 0, '2017-11-09 04:01:31'),
(92, '2017-11-09', '9XR_SO', '0788745430', 'Serviceable', 'yes', 0, '2017-11-09 04:01:48'),
(93, '2017-11-09', '9XR-SH', '0788745430', 'Serviceable', 'yes', 0, '2017-11-09 04:02:00'),
(94, '2017-11-09', '9XR-SE', '0788745430', 'Serviceable', 'yes', 0, '2017-11-09 04:02:13'),
(95, '2017-11-10', '9XR_SG', '0788745430', 'Serviceable', 'yes', 0, '2017-11-10 04:15:48'),
(96, '2017-11-10', '9XR_SJ', '0788745430', 'Serviceable', 'yes', 0, '2017-11-10 04:16:17'),
(97, '2017-11-10', '9XR_SQ', '0788745430', 'Serviceable', 'yes', 0, '2017-11-10 04:16:54'),
(98, '2017-11-10', '9XR_SO', '0788745430', 'Serviceable', 'yes', 0, '2017-11-10 04:17:11'),
(99, '2017-11-10', '9XR-SH', '0788745430', 'Serviceable', 'yes', 0, '2017-11-10 04:17:33'),
(100, '2017-11-10', '9XR-SE', '0788745430', 'Unserviceable', 'yes', 0, '2017-11-10 06:04:51'),
(101, '2017-11-10', '9XR_SF', '0788745430', 'Serviceable, Flight test to be C/O', 'yes', 0, '2017-11-10 06:05:48'),
(102, '2017-11-11', '9XR_SO', '0788745430', 'Serviceable', 'yes', 0, '2017-11-11 11:12:13'),
(103, '2017-11-11', '9XR_SQ', '0788745430', 'Serviceable', 'yes', 0, '2017-11-11 11:12:32'),
(104, '2017-11-14', '9XR_SG', '0788745430', 'Serviceable', 'yes', 0, '2017-11-14 07:29:25'),
(105, '2017-11-14', '9XR_SF', '0788745430', 'Serviceable, Waiting for CoA', 'yes', 0, '2017-11-14 07:32:44'),
(106, '2017-11-14', '9XR_SJ', '0788745430', 'Serviceable', 'yes', 0, '2017-11-14 07:30:03'),
(107, '2017-11-14', '9XR_SQ', '0788745430', 'Serviceable', 'yes', 0, '2017-11-14 07:30:18'),
(108, '2017-11-14', '9XR_SO', '0788745430', 'Serviceable', 'yes', 0, '2017-11-14 07:30:31'),
(109, '2017-11-14', '9XR-SH', '0788745430', 'Serviceable', 'yes', 0, '2017-11-14 07:30:46'),
(110, '2017-11-14', '9XR-SE', '0788745430', 'Serviceable', 'yes', 0, '2017-11-14 07:30:58'),
(111, '2017-11-15', '9XR_SG', '0788745430', 'Serviceable', 'yes', 0, '2017-11-15 04:42:59'),
(112, '2017-11-15', '9XR_SF', '0788745430', 'Serviceable, Waiting for CoA', 'yes', 0, '2017-11-15 04:43:20'),
(113, '2017-11-15', '9XR_SJ', '0788745430', 'Serviceable', 'yes', 0, '2017-11-15 04:43:43'),
(114, '2017-11-15', '9XR_SQ', '0788745430', 'Serviceable', 'yes', 0, '2017-11-15 05:02:31'),
(115, '2017-11-15', '9XR_SO', '0788745430', 'Serviceable', 'yes', 0, '2017-11-15 05:02:47'),
(116, '2017-11-15', '9XR-SH', '0788745430', 'Serviceable', 'yes', 0, '2017-11-15 05:03:39'),
(117, '2017-11-15', '9XR-SE', '0788745430', 'Serviceable', 'yes', 0, '2017-11-15 05:04:13'),
(118, '2017-11-16', '9XR_SG', '0788745430', 'Serviceable', 'yes', 0, '2017-11-16 04:40:25'),
(119, '2017-11-16', '9XR_SF', '0788745430', 'Serviceable', 'yes', 0, '2017-11-16 04:40:38'),
(120, '2017-11-16', '9XR_SJ', '0788745430', 'Serviceable', 'yes', 0, '2017-11-16 04:40:53'),
(121, '2017-11-16', '9XR_SQ', '0788745430', 'Serviceable', 'yes', 0, '2017-11-16 04:41:06'),
(122, '2017-11-16', '9XR_SO', '0788745430', 'Serviceable', 'yes', 0, '2017-11-16 04:41:22'),
(123, '2017-11-16', '9XR-SE', '0788745430', 'Serviceable', 'yes', 0, '2017-11-16 04:41:34'),
(124, '2017-11-16', '9XR-SH', '0788745430', 'Serviceable', 'yes', 0, '2017-11-16 05:06:21'),
(125, '2017-11-17', '9XR_SG', '0788745430', 'Serviceable', 'yes', 0, '2017-11-17 03:49:06'),
(126, '2017-11-17', '9XR_SF', '0788745430', 'Serviceable', 'yes', 0, '2017-11-17 03:49:18'),
(127, '2017-11-17', '9XR_SJ', '0788745430', 'Serviceable', 'yes', 0, '2017-11-17 03:49:30'),
(128, '2017-11-17', '9XR_SQ', '0788745430', 'Serviceable', 'yes', 0, '2017-11-17 03:49:47'),
(129, '2017-11-17', '9XR_SO', '0788745430', 'Serviceable', 'yes', 0, '2017-11-17 03:49:58'),
(130, '2017-11-17', '9XR-SH', '0788745430', 'Serviceable', 'yes', 0, '2017-11-17 03:50:10'),
(131, '2017-11-17', '9XR-SE', '0788745430', 'Serviceable', 'yes', 0, '2017-11-17 03:50:24'),
(132, '2017-11-20', '9XR_SG', '0788745430', 'Serviceable', 'yes', 0, '2017-11-20 05:29:27'),
(133, '2017-11-20', '9XR_SF', '0788745430', 'Serviceable', 'yes', 0, '2017-11-20 05:29:45'),
(134, '2017-11-20', '9XR_SJ', '0788745430', 'Serviceable', 'yes', 0, '2017-11-20 05:30:00'),
(135, '2017-11-20', '9XR_SQ', '0788745430', 'Serviceable', 'yes', 0, '2017-11-20 05:30:18'),
(136, '2017-11-20', '9XR_SO', '0788745430', 'Serviceable', 'yes', 0, '2017-11-20 05:30:37'),
(137, '2017-11-20', '9XR-SH', '0788745430', 'Serviceable', 'yes', 0, '2017-11-20 05:30:54'),
(138, '2017-11-20', '9XR-SE', '0788745430', 'Serviceable', 'yes', 0, '2017-11-20 05:31:12'),
(139, '2017-11-21', '9XR_SG', '0788745430', 'Serviceable', 'yes', 0, '2017-11-21 07:18:32'),
(140, '2017-11-21', '9XR_SF', '0788745430', 'Serviceable', 'yes', 0, '2017-11-21 07:18:46'),
(141, '2017-11-21', '9XR_SJ', '0788745430', 'Serviceable', 'yes', 0, '2017-11-21 07:19:02'),
(142, '2017-11-21', '9XR_SQ', '0788745430', 'Serviceable', 'yes', 0, '2017-11-21 07:19:17'),
(143, '2017-11-21', '9XR_SO', '0788745430', 'Serviceable', 'yes', 0, '2017-11-21 07:19:31'),
(144, '2017-11-21', '9XR-SH', '0788745430', 'Serviceable', 'yes', 0, '2017-11-21 07:19:46'),
(145, '2017-11-21', '9XR-SE', '0788745430', 'Serviceable', 'yes', 0, '2017-11-21 07:20:01'),
(146, '2017-11-22', '9XR_SG', '0788745430', 'Serviceable', 'yes', 0, '2017-11-22 06:19:22'),
(147, '2017-11-22', '9XR_SF', '0788745430', 'Serviceable', 'yes', 0, '2017-11-22 06:19:37'),
(148, '2017-11-22', '9XR_SJ', '0788745430', 'Serviceable', 'yes', 0, '2017-11-22 06:19:54'),
(149, '2017-11-22', '9XR_SQ', '0788745430', 'SB 139-018 being C/O', 'yes', 0, '2017-11-22 06:20:27'),
(150, '2017-11-22', '9XR_SO', '0788745430', 'Serviceable', 'yes', 0, '2017-11-22 06:20:43'),
(151, '2017-11-22', '9XR-SH', '0788745430', 'Serviceable', 'yes', 0, '2017-11-22 06:21:08'),
(152, '2017-11-22', '9XR-SE', '0788745430', 'Cabin heater Maintenance', 'yes', 0, '2017-11-22 06:21:44'),
(153, '2017-11-23', '9XR_SG', '0788745430', 'Serviceable', 'yes', 0, '2017-11-23 05:52:14'),
(154, '2017-11-23', '9XR_SF', '0788745430', 'Serviceable', 'yes', 0, '2017-11-23 05:52:30'),
(155, '2017-11-23', '9XR_SJ', '0788745430', 'Serviceable', 'yes', 0, '2017-11-23 05:52:43'),
(156, '2017-11-23', '9XR_SQ', '0788745430', 'SB 139-018 being C/O', 'yes', 0, '2017-11-23 05:53:10'),
(157, '2017-11-23', '9XR_SO', '0788745430', 'Serviceable', 'yes', 0, '2017-11-23 05:53:26'),
(158, '2017-11-23', '9XR-SH', '0788745430', 'Serviceable', 'yes', 0, '2017-11-23 05:53:40'),
(159, '2017-11-23', '9XR-SE', '0788745430', 'Serviceable', 'yes', 0, '2017-11-23 05:53:56'),
(160, '2017-11-24', '9XR_SG', '0788745430', 'Serviceable', 'yes', 0, '2017-11-24 04:12:06'),
(161, '2017-11-24', '9XR_SF', '0788745430', 'Serviceable', 'yes', 0, '2017-11-24 04:12:27'),
(162, '2017-11-24', '9XR_SJ', '0788745430', 'Serviceable', 'yes', 0, '2017-11-24 04:12:40'),
(163, '2017-11-24', '9XR_SQ', '0788745430', 'SB 139-018 being C/O', 'yes', 0, '2017-11-24 04:13:00'),
(164, '2017-11-24', '9XR_SO', '0788745430', 'Serviceable', 'yes', 0, '2017-11-24 04:13:13'),
(165, '2017-11-24', '9XR-SH', '0788745430', 'Serviceable', 'yes', 0, '2017-11-24 04:13:25'),
(166, '2017-11-24', '9XR-SE', '0788745430', 'Serviceable', 'yes', 0, '2017-11-24 04:13:37'),
(167, '2018-01-03', '9XR_SG', '0788745430', 'Serviceable', 'yes', 0, '2018-01-03 04:21:38'),
(168, '2018-01-03', '9XR_SF', '0788745430', 'Serviceable', 'yes', 0, '2018-01-03 04:21:53'),
(169, '2018-01-03', '9XR_SJ', '0788745430', 'Serviceable', 'yes', 0, '2018-01-03 04:22:16'),
(170, '2018-01-03', '9XR_SQ', '0788745430', 'Serviceable', 'yes', 0, '2018-01-03 04:22:34'),
(171, '2018-01-03', '9XR_SO', '0788745430', 'Serviceable', 'yes', 0, '2018-01-03 04:22:45'),
(172, '2018-01-03', '9XR-SH', '0788745430', 'Serviceable', 'yes', 0, '2018-01-03 04:22:58'),
(173, '2018-01-03', '9XR-SE', '0788745430', 'Serviceable', 'yes', 0, '2018-01-03 04:23:34'),
(174, '2018-01-05', '9XR_SG', '0788745430', 'Serviceable', 'yes', 0, '2018-01-05 04:25:56'),
(175, '2018-01-05', '9XR_SF', '0788745430', 'Serviceable', 'yes', 0, '2018-01-05 04:26:05'),
(176, '2018-01-05', '9XR_SJ', '0788745430', 'Serviceable', 'yes', 0, '2018-01-05 04:26:21'),
(177, '2018-01-05', '9XR_SQ', '0788745430', 'Serviceable', 'yes', 0, '2018-01-05 04:26:31'),
(178, '2018-01-05', '9XR_SO', '0788745430', 'Serviceable', 'yes', 0, '2018-01-05 04:26:42'),
(179, '2018-01-05', '9XR-SH', '0788745430', 'Serviceable', 'yes', 0, '2018-01-05 04:26:52'),
(180, '2018-01-05', '9XR-SE', '0788745430', 'Serviceable', 'yes', 0, '2018-01-05 04:27:02'),
(181, '2018-01-08', '9XR_SG', '0788745430', 'Serviceable', 'yes', 0, '2018-01-08 04:53:39'),
(182, '2018-01-08', '9XR_SF', '0788745430', 'Serviceable', 'yes', 0, '2018-01-08 04:53:48'),
(183, '2018-01-08', '9XR_SJ', '0788745430', 'Serviceable', 'yes', 0, '2018-01-08 04:53:57'),
(184, '2018-01-08', '9XR_SQ', '0788745430', 'Serviceable', 'yes', 0, '2018-01-08 04:54:30'),
(185, '2018-01-08', '9XR_SO', '0788745430', 'Serviceable', 'yes', 0, '2018-01-08 04:54:44'),
(186, '2018-01-08', '9XR-SH', '0788745430', 'Serviceable', 'yes', 0, '2018-01-08 04:54:55'),
(187, '2018-01-08', '9XR-SE', '0788745430', 'Serviceable', 'yes', 0, '2018-01-08 04:55:07'),
(188, '2018-01-09', '9XR_SG', '0788745430', 'Serviceable', 'yes', 0, '2018-01-09 04:44:18'),
(189, '2018-01-09', '9XR_SF', '0788745430', 'Serviceable', 'yes', 0, '2018-01-09 04:44:26'),
(190, '2018-01-09', '9XR_SJ', '0788745430', 'Serviceable', 'yes', 0, '2018-01-09 04:44:36'),
(191, '2018-01-09', '9XR_SQ', '0788745430', 'Serviceable', 'yes', 0, '2018-01-09 04:44:47'),
(192, '2018-01-09', '9XR_SO', '0788745430', 'Serviceable', 'yes', 0, '2018-01-09 04:44:57'),
(193, '2018-01-09', '9XR-SH', '0788745430', 'Serviceable', 'yes', 0, '2018-01-09 04:45:07'),
(194, '2018-01-09', '9XR-SE', '0788745430', 'Serviceable', 'yes', 0, '2018-01-09 04:45:20'),
(195, '2018-01-10', '9XR_SG', '0788745430', 'Serviceable', 'yes', 0, '2018-01-10 04:14:33'),
(196, '2018-01-10', '9XR_SF', '0788745430', 'Serviceable', 'yes', 0, '2018-01-10 04:14:42'),
(197, '2018-01-10', '9XR_SJ', '0788745430', 'Serviceable', 'yes', 0, '2018-01-10 04:14:51'),
(198, '2018-01-10', '9XR_SQ', '0788745430', 'Serviceable', 'yes', 0, '2018-01-10 04:15:00'),
(199, '2018-01-10', '9XR_SO', '0788745430', 'Serviceable', 'yes', 0, '2018-01-10 04:15:12'),
(200, '2018-01-10', '9XR-SH', '0788745430', 'Serviceable', 'yes', 0, '2018-01-10 04:15:22'),
(201, '2018-01-10', '9XR-SE', '0788745430', 'Serviceable', 'yes', 0, '2018-01-10 04:16:00'),
(202, '2018-01-11', '9XR_SG', '0788745430', 'Serviceable', 'yes', 0, '2018-01-11 05:40:00'),
(203, '2018-01-11', '9XR_SF', '0788745430', 'Serviceable', 'yes', 0, '2018-01-11 05:40:09'),
(204, '2018-01-11', '9XR_SJ', '0788745430', 'Serviceable', 'yes', 0, '2018-01-11 05:40:17'),
(205, '2018-01-11', '9XR_SQ', '0788745430', 'Serviceable', 'yes', 0, '2018-01-11 05:40:27'),
(206, '2018-01-11', '9XR_SO', '0788745430', 'Serviceable', 'yes', 0, '2018-01-11 05:40:37'),
(207, '2018-01-11', '9XR-SH', '0788745430', 'Serviceable', 'yes', 0, '2018-01-11 05:40:47'),
(208, '2018-01-11', '9XR-SE', '0788745430', 'Serviceable', 'yes', 0, '2018-01-11 05:40:56'),
(209, '2018-01-15', '9XR_SG', '0788745430', 'Serviceable', 'yes', 0, '2018-01-15 04:04:23'),
(210, '2018-01-15', '9XR_SF', '0788745430', 'Serviceable', 'yes', 0, '2018-01-15 04:04:35'),
(211, '2018-01-15', '9XR_SJ', '0788745430', 'Serviceable', 'yes', 0, '2018-01-15 04:04:52'),
(212, '2018-01-15', '9XR_SQ', '0788745430', 'Serviceable', 'yes', 0, '2018-01-15 04:05:21'),
(213, '2018-01-15', '9XR_SO', '0788745430', 'Serviceable', 'yes', 0, '2018-01-15 04:05:43'),
(214, '2018-01-15', '9XR-SH', '0788745430', 'Serviceable', 'yes', 0, '2018-01-15 04:06:03'),
(215, '2018-01-15', '9XR-SE', '0788745430', 'Serviceable', 'yes', 0, '2018-01-15 06:50:50'),
(216, '2018-01-29', '9XR_SG', '0788745430', 'ok', 'yes', 0, '2018-01-29 07:21:15'),
(217, '2018-01-30', '9XR_SG', '0788745430', 'ok', 'yes', 0, '2018-01-30 11:16:25');

-- --------------------------------------------------------

--
-- Table structure for table `seats`
--

CREATE TABLE `seats` (
  `id` int(11) NOT NULL,
  `seats` int(11) NOT NULL
) ENGINE=InnoDB DEFAULT CHARSET=latin1;

--
-- Dumping data for table `seats`
--

INSERT INTO `seats` (`id`, `seats`) VALUES
(0, 10);

-- --------------------------------------------------------

--
-- Table structure for table `transactions`
--

CREATE TABLE `transactions` (
  `id` int(10) UNSIGNED NOT NULL,
  `user_id` varchar(191) COLLATE utf8mb4_unicode_ci DEFAULT NULL,
  `date` date NOT NULL,
  `seats` int(11) NOT NULL,
  `go_back` enum('yes','no') COLLATE utf8mb4_unicode_ci NOT NULL,
  `approved` enum('yes','no') COLLATE utf8mb4_unicode_ci NOT NULL DEFAULT 'yes',
  `comment` varchar(100) COLLATE utf8mb4_unicode_ci NOT NULL DEFAULT 'No Comment',
  `created_at` timestamp NULL DEFAULT NULL,
  `updated_at` timestamp NULL DEFAULT NULL
) ENGINE=InnoDB DEFAULT CHARSET=utf8mb4 COLLATE=utf8mb4_unicode_ci;

--
-- Dumping data for table `transactions`
--

INSERT INTO `transactions` (`id`, `user_id`, `date`, `seats`, `go_back`, `approved`, `comment`, `created_at`, `updated_at`) VALUES
(68, '1', '2018-12-20', 1, 'yes', 'yes', '', '2018-12-20 05:18:48', '2018-12-20 05:18:48'),
(69, '1', '2018-12-20', 1, 'yes', 'yes', '', '2018-12-20 05:19:50', '2018-12-20 05:19:50'),
(70, '1', '2018-12-20', 2, 'yes', 'yes', '', '2018-12-20 12:40:11', '2018-12-20 12:40:11'),
(71, '1', '2018-12-20', 1, 'yes', 'yes', '', '2018-12-20 12:42:04', '2018-12-20 12:42:04'),
(72, '2', '2018-12-13', 3, 'yes', 'yes', '', '2018-12-20 13:05:38', '2018-12-20 13:05:38'),
(73, '2', '2018-12-13', 3, 'yes', 'yes', '', '2018-12-20 13:06:15', '2018-12-20 13:06:15'),
(74, '1', '2019-01-19', 2, 'yes', 'yes', '', '2019-01-18 10:02:08', '2019-01-18 10:02:08'),
(75, '1', '2019-01-19', 3, 'yes', 'yes', '', '2019-01-18 10:02:54', '2019-01-18 10:02:54'),
(76, '1', '2019-01-19', 3, 'yes', 'yes', '', '2019-01-18 10:08:46', '2019-01-18 10:08:46'),
(77, '1', '2019-01-20', 3, 'yes', 'yes', '', '2019-01-18 10:10:33', '2019-01-18 10:10:33'),
(78, '1', '2019-01-20', 3, 'yes', 'yes', '', '2019-01-18 10:12:25', '2019-01-18 10:12:25'),
(79, '1', '2019-01-20', 3, 'yes', 'yes', '', '2019-01-18 10:17:41', '2019-01-18 10:17:41'),
(80, '1', '2019-01-31', 2, 'yes', 'yes', '', '2019-01-18 15:03:56', '2019-01-18 15:03:56'),
(81, '1', '2019-01-30', 2, 'yes', 'yes', '', '2019-01-18 15:11:55', '2019-01-18 15:11:55'),
(82, '1', '2019-01-30', 2, 'yes', 'yes', '', '2019-01-18 15:34:48', '2019-01-18 15:34:48'),
(83, '1', '2019-01-30', 2, 'yes', 'yes', '', '2019-01-18 15:36:03', '2019-01-18 15:36:03'),
(84, '1', '2019-01-30', 2, 'yes', 'yes', '', '2019-01-18 15:36:43', '2019-01-18 15:36:43'),
(85, '1', '2019-01-29', 2, 'yes', 'yes', '', '2019-01-18 15:41:05', '2019-01-18 15:41:05'),
(86, '1', '2019-01-27', 2, 'yes', 'yes', '', '2019-01-18 15:48:56', '2019-01-18 15:48:56'),
(87, '1', '2019-01-27', 2, 'yes', 'yes', '', '2019-01-18 15:49:40', '2019-01-18 15:49:40'),
(88, '1', '2019-01-27', 2, 'yes', 'yes', '', '2019-01-18 15:50:32', '2019-01-18 15:50:32'),
(89, '1', '2019-01-27', 2, 'yes', 'yes', '', '2019-01-18 15:51:30', '2019-01-18 15:51:30'),
(90, '1', '2019-01-27', 2, 'yes', 'yes', '', '2019-01-18 15:54:55', '2019-01-18 15:54:55'),
(91, '1', '2019-01-16', 2, 'yes', 'yes', '', '2019-01-18 16:43:41', '2019-01-18 16:43:41'),
(92, '1', '2019-01-16', 2, 'yes', 'yes', '', '2019-01-18 16:53:01', '2019-01-18 16:53:01'),
(93, '1', '2019-01-16', 2, 'yes', 'yes', '', '2019-01-18 16:59:24', '2019-01-18 16:59:24'),
(94, '1', '2019-01-16', 2, 'yes', 'yes', '', '2019-01-18 17:02:47', '2019-01-18 17:02:47'),
(95, '1', '2019-01-23', 2, 'yes', 'yes', '', '2019-01-19 10:37:43', '2019-01-19 10:37:43'),
(96, '1', '2019-01-23', 2, 'yes', 'yes', '', '2019-01-19 10:42:32', '2019-01-19 10:42:32'),
(97, '1', '2019-01-23', 2, 'yes', 'yes', '', '2019-01-19 10:45:50', '2019-01-19 10:45:50'),
(98, '1', '2019-01-15', 4, 'yes', 'yes', '', '2019-01-19 10:46:30', '2019-01-19 10:46:30'),
(99, '1', '2019-01-12', 2, 'yes', 'yes', '', '2019-01-19 10:47:30', '2019-01-19 10:47:30'),
(100, '1', '2019-01-12', 2, 'yes', 'yes', '', '2019-01-19 11:12:10', '2019-01-19 11:12:10'),
(101, '1', '2019-01-12', 2, 'yes', 'yes', '', '2019-01-19 11:17:01', '2019-01-19 11:17:01'),
(102, '1', '2019-01-12', 2, 'yes', 'yes', '', '2019-01-19 11:19:28', '2019-01-19 11:19:28'),
(103, '1', '2019-01-05', 5, 'yes', 'yes', '', '2019-01-19 11:20:59', '2019-01-19 11:20:59'),
(104, '1', '2019-01-04', 2, 'yes', 'yes', '', '2019-01-19 11:24:28', '2019-01-19 11:24:28'),
(105, '1', '2019-01-04', 2, 'yes', 'yes', '', '2019-01-19 11:26:08', '2019-01-19 11:26:08'),
(106, '1', '2019-02-23', 4, 'yes', 'yes', '', '2019-01-19 12:01:24', '2019-01-19 12:01:24'),
(107, '2', '2019-02-01', 3, 'yes', 'yes', '', '2019-01-19 12:04:02', '2019-01-19 12:04:02'),
(108, '1', '2019-02-09', 2, 'yes', 'yes', 'No Comment', '2019-02-09 14:21:49', '2019-02-09 14:21:49');

-- --------------------------------------------------------

--
-- Table structure for table `users`
--

CREATE TABLE `users` (
  `id` int(10) UNSIGNED NOT NULL,
  `name` varchar(255) COLLATE utf8mb4_unicode_ci NOT NULL,
  `email` varchar(255) COLLATE utf8mb4_unicode_ci NOT NULL,
  `email_verified_at` timestamp NULL DEFAULT NULL,
  `password` varchar(255) COLLATE utf8mb4_unicode_ci NOT NULL,
  `remember_token` varchar(100) COLLATE utf8mb4_unicode_ci DEFAULT NULL,
  `created_at` timestamp NULL DEFAULT NULL,
  `updated_at` timestamp NULL DEFAULT NULL
) ENGINE=InnoDB DEFAULT CHARSET=utf8mb4 COLLATE=utf8mb4_unicode_ci;

--
-- Dumping data for table `users`
--

INSERT INTO `users` (`id`, `name`, `email`, `email_verified_at`, `password`, `remember_token`, `created_at`, `updated_at`) VALUES
(1, 'mukunzi', 'mukunzi.desire@yahoo.fr', NULL, '$2y$10$qfjm4XVc6j7j1M46x1eDM.NqvuCueK.DcXVJ4ovOqLoiJKECq9uUW', 'FLqXLmoKstr4T7ed3kRoSUYjYdawXFPif4kHjtJDXEpspWSKBUKmdpzRvxWu', '2018-12-20 12:37:31', '2018-12-20 12:37:31'),
(2, 'mathias', 'mathisa@gmail.com', NULL, '$2y$10$0/HTi4fqyEL3jCBSaCig6OtQ8IiM9vafBS.beyWwE5zI8uvLR5.q2', 'zC3UdoXqGLIurjBOYbe3BMU4L3HAfPqwo5ZrIDnzImGNIfnGDCMmvI7Ksnhc', '2018-12-20 13:05:12', '2018-12-20 13:05:12');

-- --------------------------------------------------------

--
-- Table structure for table `workers`
--

CREATE TABLE `workers` (
  `_id` int(11) NOT NULL,
  `picture` varchar(100) NOT NULL,
  `firstname` varchar(50) NOT NULL,
  `lastname` varchar(50) NOT NULL,
  `department` enum('pilot','technician','ops','pilot_ops','technician_ops','Student','others') NOT NULL,
  `license_number` varchar(50) NOT NULL,
  `tel` varchar(13) NOT NULL,
  `national_id` varchar(16) NOT NULL,
  `entry_date` date NOT NULL,
  `password` varchar(50) NOT NULL
) ENGINE=InnoDB DEFAULT CHARSET=latin1;

--
-- Dumping data for table `workers`
--

INSERT INTO `workers` (`_id`, `picture`, `firstname`, `lastname`, `department`, `license_number`, `tel`, `national_id`, `entry_date`, `password`) VALUES
(203, '', 'Mathias', 'TWAHIRWA', 'pilot_ops', 'CL041/16', '07861294223', '1199280179296193', '2017-04-10', 'matthias'),
(205, 'IMG_6604_-_Copy.JPG', 'Benjamin', 'KAYONDE', 'ops', 'FO-005/16', '0784363168', '', '2017-04-10', 'benkayonde'),
(208, '', 'John', 'NDAYAMBAJE', 'technician_ops', 'AM001/17', '0788745430', '1197380091431181', '2017-04-11', '3006'),
(209, '', 'Jean de Dieu', 'NGABONZIZA', 'pilot_ops', 'CL-002/11', '0788493829', '1197380009653110', '2017-04-11', 'jdd'),
(210, 'IMG_20140521_155128.jpg', 'Celestin', 'KAZUNGU', 'pilot', 'cl-010/11', '0788494011', '1197680011419158', '2017-05-13', '71264'),
(211, 'default.jpeg', 'Student', '', 'Student', '.....', '......', '', '2017-04-14', 'student'),
(213, '', 'Jean Pierre', 'LINGANWA', 'pilot', 'cl 005', '0788647587', '1198080019912054', '2017-05-05', '19793'),
(214, 'default.png', 'JOSEPH', 'NDAYISHIMIYE', 'pilot_ops', '', '0788845047', '', '2017-11-27', 'masabo_1976'),
(215, 'default.png', 'Igor', 'SABELLA', 'pilot', '', '0786133077', '00000000000000', '2017-12-12', 'igor2017'),
(219, 'default.png', 'Faustin', 'MUHUNDE', 'technician', '', '0788413562', '0000000000000000', '2018-01-09', 'faustin'),
(220, 'Desert.jpg', 'Florien', 'MANIRAHO', 'technician', '', '0788260956', '1234567891234567', '2018-01-13', '1234'),
(226, 'default.png', 'N', 'H', 'pilot', '', '078777', '', '0000-00-00', ''),
(227, 'default.png', 'J', 'B', 'pilot', '', '078', '', '0000-00-00', 'q');

--
-- Indexes for dumped tables
--

--
-- Indexes for table `admins`
--
ALTER TABLE `admins`
  ADD PRIMARY KEY (`id`);

--
-- Indexes for table `aircraft`
--
ALTER TABLE `aircraft`
  ADD PRIMARY KEY (`aircraft_id`);

--
-- Indexes for table `cancel`
--
ALTER TABLE `cancel`
  ADD PRIMARY KEY (`id`);

--
-- Indexes for table `clients`
--
ALTER TABLE `clients`
  ADD PRIMARY KEY (`id`),
  ADD UNIQUE KEY `clients_email_unique` (`email`);

--
-- Indexes for table `co_clients`
--
ALTER TABLE `co_clients`
  ADD PRIMARY KEY (`id`);

--
-- Indexes for table `expirations`
--
ALTER TABLE `expirations`
  ADD PRIMARY KEY (`expirations_id`);

--
-- Indexes for table `flights`
--
ALTER TABLE `flights`
  ADD PRIMARY KEY (`_id`);

--
-- Indexes for table `initial`
--
ALTER TABLE `initial`
  ADD PRIMARY KEY (`initial_id`),
  ADD UNIQUE KEY `tel` (`tel`);

--
-- Indexes for table `inspection`
--
ALTER TABLE `inspection`
  ADD PRIMARY KEY (`_id`);

--
-- Indexes for table `migrations`
--
ALTER TABLE `migrations`
  ADD PRIMARY KEY (`id`);

--
-- Indexes for table `morning_check`
--
ALTER TABLE `morning_check`
  ADD PRIMARY KEY (`_id`);

--
-- Indexes for table `transactions`
--
ALTER TABLE `transactions`
  ADD PRIMARY KEY (`id`);

--
-- Indexes for table `users`
--
ALTER TABLE `users`
  ADD PRIMARY KEY (`id`);

--
-- Indexes for table `workers`
--
ALTER TABLE `workers`
  ADD PRIMARY KEY (`_id`),
  ADD UNIQUE KEY `tel` (`tel`);

--
-- AUTO_INCREMENT for dumped tables
--

--
-- AUTO_INCREMENT for table `admins`
--
ALTER TABLE `admins`
  MODIFY `id` int(10) UNSIGNED NOT NULL AUTO_INCREMENT, AUTO_INCREMENT=2;

--
-- AUTO_INCREMENT for table `aircraft`
--
ALTER TABLE `aircraft`
  MODIFY `aircraft_id` int(11) NOT NULL AUTO_INCREMENT, AUTO_INCREMENT=9;

--
-- AUTO_INCREMENT for table `cancel`
--
ALTER TABLE `cancel`
  MODIFY `id` int(11) NOT NULL AUTO_INCREMENT;

--
-- AUTO_INCREMENT for table `clients`
--
ALTER TABLE `clients`
  MODIFY `id` int(10) UNSIGNED NOT NULL AUTO_INCREMENT;

--
-- AUTO_INCREMENT for table `co_clients`
--
ALTER TABLE `co_clients`
  MODIFY `id` int(11) NOT NULL AUTO_INCREMENT, AUTO_INCREMENT=42;

--
-- AUTO_INCREMENT for table `expirations`
--
ALTER TABLE `expirations`
  MODIFY `expirations_id` int(11) NOT NULL AUTO_INCREMENT, AUTO_INCREMENT=20;

--
-- AUTO_INCREMENT for table `flights`
--
ALTER TABLE `flights`
  MODIFY `_id` int(11) NOT NULL AUTO_INCREMENT, AUTO_INCREMENT=80;

--
-- AUTO_INCREMENT for table `initial`
--
ALTER TABLE `initial`
  MODIFY `initial_id` int(11) NOT NULL AUTO_INCREMENT, AUTO_INCREMENT=52;

--
-- AUTO_INCREMENT for table `inspection`
--
ALTER TABLE `inspection`
  MODIFY `_id` int(11) NOT NULL AUTO_INCREMENT, AUTO_INCREMENT=57;

--
-- AUTO_INCREMENT for table `migrations`
--
ALTER TABLE `migrations`
  MODIFY `id` int(10) UNSIGNED NOT NULL AUTO_INCREMENT, AUTO_INCREMENT=5;

--
-- AUTO_INCREMENT for table `morning_check`
--
ALTER TABLE `morning_check`
  MODIFY `_id` int(11) NOT NULL AUTO_INCREMENT, AUTO_INCREMENT=218;

--
-- AUTO_INCREMENT for table `transactions`
--
ALTER TABLE `transactions`
  MODIFY `id` int(10) UNSIGNED NOT NULL AUTO_INCREMENT, AUTO_INCREMENT=109;

--
-- AUTO_INCREMENT for table `users`
--
ALTER TABLE `users`
  MODIFY `id` int(10) UNSIGNED NOT NULL AUTO_INCREMENT, AUTO_INCREMENT=3;

--
-- AUTO_INCREMENT for table `workers`
--
ALTER TABLE `workers`
  MODIFY `_id` int(11) NOT NULL AUTO_INCREMENT, AUTO_INCREMENT=228;
COMMIT;

/*!40101 SET CHARACTER_SET_CLIENT=@OLD_CHARACTER_SET_CLIENT */;
/*!40101 SET CHARACTER_SET_RESULTS=@OLD_CHARACTER_SET_RESULTS */;
/*!40101 SET COLLATION_CONNECTION=@OLD_COLLATION_CONNECTION */;
